bar_names,Total,LogProb,PValue,Limited,FDR,is_cell,is_cellandlimited
AAAGGATAGTAGACAT,6583,-5957.47215928009,0.35956404359564,False,0.426149977594833,False,False
AAAGGATTCCGTTTCG,11929,-10737.4957155265,9.99900009999e-05,True,0.0,True,True
AAAGTCCCACCAGCCA,11644,-9204.290660435,9.99900009999e-05,True,0.0,True,True
AAATGGAAGCCGCTTG,10156,-9582.83548581545,9.99900009999e-05,True,0.0,True,True
AACGTCAAGACGCCCT,7706,-8356.58044226567,9.99900009999e-05,True,0.0,True,True
AAGCGTTTCGCTATTT,6080,-5949.72289604214,9.99900009999e-05,True,0.0001351977478308,True,True
AAGTGAATCGGAAGGT,10066,-9655.89796683741,9.99900009999e-05,True,0.0,True,True
AATGACCGTGTCATCA,12276,-11400.6739312389,9.99900009999e-05,True,0.0,True,True
ACAAAGAAGCCTCAAT,7900,-8751.06932277907,9.99900009999e-05,True,0.0,True,True
ACGGTCGTCACTACGA,6071,-5409.52773628285,0.998900109989001,False,1.0,False,False
